file_name,obj_class,volume,surface_area,diameter,eccentricity,compactness,rectangularity,convexity,elongation,A3,D1,D2,D3,D4
m1352.obj,AircraftBuoyant,0.2217,0.1524,1.0267,0.0247,0.0343,0.3425,0.5732,0.3426,0.0041,0.0078,0.0032,0.0066,0.0066
m1344.obj,AircraftBuoyant,0.531,0.2831,0.4733,0.0138,0.0083,0.0433,1.4302,0.073,0.0054,0.0285,0.0017,0.0035,0.0072
m1346.obj,AircraftBuoyant,0.399,0.396,0.5086,0.0589,0.2668,0.7625,0.947,1.453,0.0098,0.0056,0.0071,0.0041,0.006
m1351.obj,AircraftBuoyant,0.5267,0.4408,0.4957,0.12,0.221,1.6691,1.452,2.258,0.014,0.01,0.0074,0.0053,0.0057
m1348.obj,AircraftBuoyant,0.4012,0.3957,0.4149,0.0587,0.2646,0.5291,0.944,0.7835,0.0091,0.0054,0.0058,0.0044,0.0066
m1347.obj,AircraftBuoyant,0.1578,0.1337,0.4435,0.0496,0.0694,0.6826,1.4242,1.1831,0.0046,0.0093,0.0087,0.0022,0.0059
D00310.obj,Apartment,2.2991,3.4522,0.7291,0.0477,4.8767,2.8287,1.7187,0.8833,0.0034,0.0045,0.0086,0.0051,0.0043
D00869.obj,Apartment,0.7284,1.6809,1.1811,0.0028,3.4891,0.5719,1.5672,0.628,0.0044,0.004,0.0102,0.012,0.0143
D00859.obj,Apartment,0.7937,1.1169,0.4589,0.0602,1.2874,1.7731,1.7187,0.4574,0.0033,0.0084,0.0082,0.0044,0.0056
D00921.obj,Apartment,0.6874,1.0181,0.1277,0.0135,1.2328,0.845,1.7187,1.0288,0.0034,0.0185,0.0042,0.0082,0.0084
m76.obj,AquaticAnimal,0.6484,0.5959,0.4442,0.1277,0.3598,0.0311,0.1845,0.4558,0.0112,0.0059,0.0063,0.0063,0.014
m74.obj,AquaticAnimal,0.7244,0.6426,0.4471,0.1633,0.3665,0.0775,0.3355,0.711,0.0135,0.0067,0.0056,0.0087,0.0148
m79.obj,AquaticAnimal,0.8029,0.7194,0.2003,0.2882,0.4169,0.2187,0.2962,1.2575,0.0184,0.0104,0.0078,0.0112,0.0147
m57.obj,AquaticAnimal,0.7091,0.5612,0.3542,0.6253,0.2259,0.8283,0.402,1.0306,0.0145,0.0092,0.0068,0.0061,0.0156
m62.obj,AquaticAnimal,0.5248,0.4427,0.5333,0.424,0.2264,0.7758,0.1495,0.1413,0.0048,0.0057,0.0029,0.0039,0.0145
m63.obj,AquaticAnimal,0.3299,0.2086,0.1021,0.0102,0.0348,0.1205,0.8065,0.1469,0.0059,0.0203,0.004,0.0053,0.0036
m73.obj,AquaticAnimal,0.3764,0.3759,0.4447,0.0984,0.2554,0.2297,0.1555,0.1121,0.0087,0.0064,0.0091,0.0024,0.0039
D00538.obj,Bed,0.2287,0.4027,1.5623,0.0739,0.5126,0.4012,0.5226,0.4189,0.0063,0.0298,0.0129,0.021,0.0207
D00650.obj,Bed,0.7061,0.9675,1.5187,0.1751,1.0665,0.9055,1.7187,0.8983,0.0076,0.0098,0.0136,0.0078,0.005
D00307.obj,Bed,1.1869,2.1338,0.3854,0.1045,3.594,1.5592,1.7187,0.0553,0.0033,0.0048,0.0118,0.0083,0.005
D00988.obj,Bed,0.9762,1.698,1.7528,0.156,2.643,0.9763,1.7187,0.4827,0.0049,0.01,0.015,0.01,0.0055
D00184.obj,Bed,2.481,3.3991,1.0486,0.0496,4.1656,1.8112,1.7187,0.0715,0.0029,0.0039,0.0116,0.0082,0.0032
D00558.obj,Bicycle,0.4435,0.3081,0.439,0.6048,0.0617,0.108,0.033,0.5476,0.0099,0.0067,0.0098,0.005,0.0135
m1476.obj,Bicycle,0.6767,0.5579,0.4877,0.718,0.2657,0.1874,0.9492,0.6656,0.008,0.0079,0.0081,0.0042,0.012
D00077.obj,Bicycle,0.6193,0.466,0.5078,0.4731,0.1485,0.2057,0.9186,0.4414,0.0087,0.0065,0.0066,0.0028,0.0112
D00040.obj,Bicycle,0.4897,0.2193,0.0971,0.4115,0.2714,0.0922,0.2903,0.0706,0.0101,0.0062,0.0099,0.0039,0.0117
D00930.obj,Bicycle,0.6221,0.5613,0.3854,0.5498,0.3298,0.2972,1.2191,0.0128,0.0092,0.0047,0.0098,0.0025,0.0116
D00199.obj,Biplane,0.3517,0.2218,0.3247,0.0352,0.0069,0.0144,0.1919,0.136,0.0032,0.0042,0.0024,0.0033,0.0057
m1119.obj,Biplane,0.101,0.0425,0.2463,0.0176,0.2047,0.0155,0.1973,0.0309,0.0038,0.0055,0.0047,0.0037,0.0045
m1127.obj,Biplane,0.3014,0.1522,0.1539,0.0477,0.0722,0.1299,0.0133,0.0278,0.0051,0.0059,0.0066,0.0037,0.0056
D00132.obj,Biplane,0.4283,0.236,0.2887,0.1783,0.0848,0.0534,0.0395,0.1427,0.0094,0.0116,0.0077,0.005,0.0094
D00113.obj,Bird,0.4683,0.9635,0.1572,0.0039,1.5792,0.0233,1.0138,0.0762,0.0036,0.0047,0.0024,0.0022,0.0019
m47.obj,Bird,0.8491,0.7193,0.5096,0.2464,0.3679,0.0613,1.1151,0.0206,0.0096,0.0046,0.0025,0.0076,0.0134
D00599.obj,Bird,0.8786,0.7368,0.4783,0.7036,0.3627,0.3439,0.56,1.1528,0.018,0.008,0.0055,0.0071,0.0157
D00271.obj,Bird,0.7251,0.5885,0.4408,0.0858,0.2632,0.0191,0.8516,0.1445,0.0056,0.0038,0.0042,0.0034,0.0074
m43.obj,Bird,0.8297,0.7392,1.3855,0.0372,0.4245,0.5109,1.8217,0.1473,0.0085,0.006,0.0048,0.0094,0.016
m36.obj,Bird,0.1402,0.0578,0.027,0.0069,0.034,0.2481,0.0131,0.1009,0.0025,0.0098,0.0048,0.0069,0.0097
D01078.obj,Bookset,1.6996,1.9974,1.6409,0.0132,1.868,1.598,1.7187,0.7446,0.0035,0.0062,0.0108,0.0067,0.0082
D01122.obj,Bookset,2.7087,3.6903,3.8874,0.0104,4.5088,0.7924,1.7187,0.3098,0.005,0.0052,0.0066,0.0063,0.0083
D01038.obj,Bookset,0.9364,1.1129,0.4957,0.0695,1.0309,3.4541,1.7187,1.6933,0.0064,0.0094,0.007,0.0027,0.0057
m486.obj,Bottle,0.1733,0.0059,0.3706,0.076,0.2346,1.275,1.7187,1.6131,0.0095,0.0169,0.0084,0.0043,0.0022
D00123.obj,Bottle,0.5141,0.4436,0.4303,0.1244,0.2394,1.2848,1.183,2.4049,0.0136,0.0082,0.012,0.0024,0.004
m483.obj,Bottle,0.4276,0.3471,0.3479,0.0982,0.1603,1.3182,1.485,3.5506,0.012,0.0079,0.0123,0.0027,0.0033
D00176.obj,Bottle,0.2173,0.3585,0.4025,0.0438,1.6299,0.969,1.7187,1.6411,0.0072,0.0064,0.0091,0.0013,0.0045
D00020.obj,Bottle,0.439,0.4135,0.4599,0.0698,0.2602,1.2068,1.4184,2.6237,0.0106,0.0081,0.0099,0.0043,0.0047
m482.obj,Bottle,0.2641,0.1541,0.2919,0.0709,0.0148,1.2114,1.6989,2.3362,0.0092,0.0102,0.0119,0.003,0.0056
D00166.obj,Bottle,1.0203,0.9922,0.2086,0.0261,0.6708,1.9355,1.7187,1.2551,0.0045,0.004,0.0078,0.0022,0.0042
m412.obj,BuildingNonResidential,0.6779,0.2752,0.177,0.2509,0.8155,0.6796,0.1939,0.4686,0.0068,0.0067,0.0054,0.0041,0.0113
m409.obj,BuildingNonResidential,0.3621,0.2629,0.6783,0.2598,0.0777,0.3578,0.292,0.5181,0.0048,0.0073,0.0106,0.0041,0.0054
m404.obj,BuildingNonResidential,1.3263,2.3989,0.87,0.0027,4.1584,0.6189,1.7187,0.1548,0.0038,0.0149,0.0043,0.0034,0.0046
m400.obj,BuildingNonResidential,3.114,4.0237,2.9605,0.0101,4.5349,0.4982,1.7187,0.0253,0.0054,0.0152,0.0021,0.003,0.0052
m390.obj,BuildingNonResidential,0.5653,0.4782,0.2337,0.0062,0.2475,0.1241,0.809,0.0027,0.0047,0.0088,0.0083,0.0072,0.0096
m384.obj,BuildingNonResidential,0.686,0.951,2.7409,0.0559,1.0614,0.5403,1.6223,0.0006,0.0031,0.0099,0.0061,0.0085,0.0135
D00815.obj,Bus,0.0035,0.142,0.2099,0.0831,0.2695,2.0817,1.7187,2.2755,0.0093,0.0105,0.012,0.0026,0.0044
D00446.obj,Bus,0.2646,0.5728,0.1912,0.1283,0.8789,3.1183,1.7187,2.0523,0.0125,0.0102,0.0083,0.0024,0.0076
D00516.obj,Bus,0.036,0.1874,0.0987,0.0704,0.3217,1.5751,1.7187,2.3652,0.0078,0.0071,0.0154,0.0061,0.0041
D00264.obj,Bus,0.2666,0.1428,0.034,0.1274,0.0418,1.1176,1.2684,2.4845,0.0099,0.0067,0.0131,0.0089,0.0022
D00084.obj,Bus,0.3145,0.0858,0.2825,0.1595,0.2614,1.7948,1.7187,2.9605,0.0153,0.0077,0.0151,0.0059,0.0035
D00754.obj,Bus,0.0421,0.9044,0.2727,0.1196,3.1114,2.708,1.7187,2.4772,0.0093,0.0089,0.0144,0.0051,0.0029
D00785.obj,Car,0.2664,0.2376,0.0367,0.0501,0.1369,0.7284,1.7187,1.2249,0.005,0.0054,0.0129,0.0071,0.0052
m1548.obj,Car,0.7171,0.9449,0.0542,0.1223,0.9922,2.0586,1.7187,1.3342,0.0058,0.0067,0.0086,0.0041,0.0038
m1542.obj,Car,0.602,0.6339,0.0309,0.0719,0.4847,1.2283,1.7187,1.2112,0.0047,0.0041,0.0125,0.0102,0.0055
m1524.obj,Car,0.0838,0.1065,0.1257,0.0608,0.098,0.8477,1.7187,1.4759,0.0049,0.0071,0.011,0.0065,0.003
m1519.obj,Car,0.0695,0.027,0.233,0.1628,0.0248,1.221,1.7187,1.8775,0.0069,0.0061,0.0145,0.0054,0.0059
D00377.obj,Car,0.5755,0.6757,0.2062,0.1394,0.6024,1.6784,1.7187,1.1582,0.0062,0.0044,0.0146,0.0089,0.0048
D00542.obj,Cellphone,0.4474,0.3575,0.3175,0.0675,0.157,1.58,1.6255,1.7943,0.0035,0.006,0.0029,0.0042,0.0047
D00192.obj,Cellphone,0.0416,0.2095,0.1058,0.1975,0.5113,2.4955,1.7187,1.4665,0.0093,0.013,0.0114,0.0048,0.0028
D00440.obj,Cellphone,0.6571,0.5521,0.4982,0.1307,0.2786,1.6452,1.1426,2.9264,0.0098,0.0079,0.0049,0.0066,0.0084
D00848.obj,Cellphone,0.2293,0.0407,0.3395,0.3205,0.2173,2.5739,1.7187,1.6997,0.0095,0.009,0.0092,0.0023,0.0055
D00018.obj,Cellphone,0.08,0.2046,0.1024,0.251,0.5781,1.1123,1.7187,1.3964,0.0089,0.004,0.0089,0.0044,0.0048
D00079.obj,Cellphone,0.0604,0.0976,0.4052,0.115,0.2668,1.4253,1.7187,1.6847,0.0064,0.0082,0.0105,0.0047,0.0062
D01112.obj,Chess,0.2152,0.2427,0.2569,0.0486,0.1895,0.2026,0.8836,0.3629,0.0098,0.0089,0.0093,0.0024,0.003
D01099.obj,Chess,0.6148,0.4306,0.3859,0.0131,0.1319,0.1344,1.4462,0.0144,0.0027,0.0071,0.007,0.0044,0.0055
m1610.obj,Chess,0.8161,0.6228,0.2245,0.0015,0.2523,0.1491,1.7187,0.0473,0.0033,0.007,0.0084,0.0052,0.0058
m1613.obj,Chess,0.1279,0.1747,0.2282,0.0392,0.1598,0.4148,1.1302,1.0791,0.0056,0.0068,0.009,0.0032,0.0053
m1604.obj,Chess,0.0667,0.0956,0.0335,0.0752,0.0923,0.5662,1.3925,0.8958,0.0092,0.0078,0.0075,0.002,0.004
D01039.obj,City,0.1741,0.0141,3.4853,6.0357,0.1889,3.3558,0.223,0.018,0.0059,0.0052,0.0049,0.0033,0.022
m1652.obj,City,0.4189,0.3587,1.1062,0.7706,0.1903,0.2021,0.0971,0.0467,0.0143,0.0146,0.0112,0.0026,0.0133
D01173.obj,City,0.6228,0.1007,0.2901,5.219,3.3934,3.8294,0.5026,1.4839,0.0163,0.013,0.0088,0.0024,0.0178
D01181.obj,City,0.2683,0.4952,1.5154,0.0624,0.668,0.8979,1.7187,0.3276,0.0039,0.0071,0.0083,0.0081,0.0094
D01192.obj,City,0.299,0.3774,2.0056,0.14,0.3579,0.3583,1.3469,0.1674,0.0084,0.0063,0.0026,0.0042,0.0109
D01103.obj,City,0.4095,0.3441,1.1062,0.6935,0.1748,0.401,0.1289,0.7281,0.0139,0.0148,0.0095,0.0021,0.0129
D00561.obj,ClassicPiano,1.4154,1.7577,0.264,0.0843,1.7759,0.7599,1.7187,0.1616,0.0067,0.0041,0.0023,0.0026,0.0054
D00811.obj,ClassicPiano,1.9928,1.5309,2.0725,0.0037,0.6405,0.0497,1.7187,0.0202,0.0033,0.0073,0.0026,0.0017,0.0029
D00009.obj,ClassicPiano,1.0193,0.9943,1.051,0.0116,0.6759,0.3897,1.7187,0.1805,0.004,0.0067,0.0073,0.0037,0.0056
D00605.obj,ClassicPiano,1.2827,2.3385,1.7027,0.0204,4.0742,0.3726,1.7187,0.0609,0.0051,0.0103,0.0057,0.0086,0.0119
D00190.obj,ClassicPiano,1.8144,1.8383,2.7047,0.0145,1.3426,0.2151,1.7187,0.0097,0.0033,0.0085,0.0054,0.0045,0.0031
D00092.obj,ClassicPiano,2.8844,2.8299,2.4629,0.0059,1.9584,0.2742,1.7187,0.0896,0.0044,0.0085,0.0062,0.0029,0.0052
m1774.obj,Computer,3.8383,3.7388,4.2397,0.0155,2.557,0.8374,1.7187,0.0632,0.0051,0.0053,0.0039,0.0036,0.0049
m1773.obj,Computer,0.9415,0.9883,0.9643,0.0053,0.7582,0.3463,1.6164,0.0234,0.0024,0.0097,0.0027,0.0035,0.0025
D01164.obj,Computer,0.9161,1.2976,0.4663,0.016,1.5295,0.7888,1.7187,0.0518,0.0042,0.006,0.0056,0.004,0.0021
D01100.obj,Computer,2.4901,2.2641,1.4968,0.0044,1.3561,0.795,1.7187,0.1118,0.0036,0.0101,0.0022,0.0025,0.0032
D00990.obj,ComputerKeyboard,0.3614,0.2019,0.2671,2.7921,0.0525,4.6201,1.7187,1.9905,0.0171,0.0162,0.0119,0.0033,0.014
D00676.obj,ComputerKeyboard,0.088,0.5136,0.6684,1.7119,1.7603,4.722,1.7187,0.9817,0.0119,0.0129,0.0103,0.0033,0.0147
D00642.obj,Cup,0.1149,0.1604,0.2927,0.0843,0.1493,1.3232,1.7187,1.6014,0.0101,0.0092,0.0078,0.0029,0.0062
D00355.obj,Cup,0.2957,0.2311,0.0788,0.0993,0.0957,0.9485,0.7987,1.7299,0.0134,0.0133,0.0092,0.004,0.0057
m526.obj,Cup,0.5399,0.3542,0.4343,0.0076,0.0807,0.2423,1.2864,0.505,0.0053,0.0123,0.0037,0.0037,0.0061
m501.obj,Cup,1.5538,1.2238,1.9598,0.01,0.5415,0.3557,1.7187,0.0739,0.004,0.0092,0.0065,0.0062,0.0081
D00638.obj,Cup,0.6336,0.4163,0.5927,0.0032,0.0976,0.2504,1.4896,0.1797,0.0032,0.0104,0.0093,0.0067,0.0067
D00214.obj,Cup,1.6817,1.8201,2.5784,0.0177,1.4866,0.004,1.0245,0.1441,0.0045,0.0023,0.0053,0.0071,0.0089
D00882.obj,Cup,1.0165,0.7486,0.8649,0.0013,0.2762,0.5075,1.7187,0.2489,0.0032,0.008,0.0067,0.0056,0.0068
m608.obj,DeskLamp,1.2112,0.9366,3.5477,0.0186,0.3951,0.0002,0.8577,0.3465,0.0058,0.0067,0.0125,0.0082,0.0067
m603.obj,DeskLamp,0.3631,0.2125,0.4169,0.0112,0.0146,0.0098,0.7036,0.1146,0.005,0.0057,0.0067,0.0026,0.0025
m613.obj,DeskLamp,0.7204,0.6518,2.7994,0.4502,0.384,0.2986,1.4245,0.7322,0.011,0.0078,0.0134,0.0071,0.008
D00330.obj,DeskLamp,0.9116,0.7231,0.4849,0.5969,0.2453,0.0178,1.4322,1.7518,0.0174,0.0046,0.0131,0.0057,0.0078
D00693.obj,DeskLamp,0.6082,0.5025,0.213,0.1188,0.2421,0.2824,0.4174,1.4387,0.0082,0.0062,0.0101,0.0031,0.0072
D00531.obj,DeskLamp,0.8889,0.7542,0.2833,0.4366,0.3862,0.0804,0.9971,1.6138,0.0139,0.0044,0.0085,0.0025,0.0105
D00154.obj,DeskPhone,0.0848,0.3181,0.9537,0.2983,0.5534,1.7653,1.7187,0.4606,0.0044,0.0028,0.0054,0.003,0.0105
D00958.obj,DeskPhone,1.568,1.8753,0.7951,0.0988,1.7969,1.661,1.7187,0.0471,0.0043,0.0056,0.0081,0.0073,0.003
D00556.obj,DeskPhone,1.7257,1.8179,1.4937,0.0448,1.4194,1.2916,1.7187,0.1419,0.0027,0.0047,0.0092,0.005,0.0045
D00894.obj,DeskPhone,1.2112,1.153,1.7954,0.0359,0.7513,0.7066,1.7187,0.0021,0.0026,0.0039,0.0052,0.0032,0.0038
D00897.obj,DeskPhone,0.1553,0.0521,0.4365,0.1806,0.3169,1.1601,1.7187,0.81,0.0058,0.0064,0.0051,0.0024,0.0082
m1717.obj,Door,0.0762,0.3114,1.0535,0.9456,0.9034,2.9925,1.7187,0.9424,0.0079,0.0137,0.013,0.0098,0.0067
m1723.obj,Door,0.2863,0.7274,3.6416,2.519,1.2933,4.2436,1.4231,0.0092,0.0059,0.0106,0.01,0.0099,0.0144
m1716.obj,Door,0.1498,0.6354,0.8609,2.9435,2.7746,3.45,1.7187,1.0819,0.0076,0.0089,0.0139,0.0164,0.0108
D01141.obj,Door,0.1506,0.6354,0.8609,2.9564,2.7808,3.5302,1.7187,1.1008,0.0082,0.0082,0.0141,0.0157,0.0109
D01058.obj,Door,0.1001,0.2985,0.6991,0.9481,0.9281,3.0389,1.7187,1.0003,0.0076,0.0129,0.0127,0.0093,0.0077
D00026.obj,Drum,0.815,1.1326,0.0377,0.0034,1.2877,0.9516,1.7187,1.0992,0.004,0.008,0.0089,0.0067,0.0079
D00709.obj,Drum,0.9313,1.0002,0.1157,0.0082,0.7956,0.6131,1.7095,0.1509,0.0046,0.0177,0.0088,0.0063,0.0098
D00063.obj,Drum,3.365,3.5001,2.566,0.0196,2.7004,0.4426,1.7187,0.1494,0.0068,0.022,0.0054,0.0081,0.0146
D00596.obj,Drum,2.4004,2.2198,1.8349,0.0008,1.3737,0.631,1.7187,0.3487,0.0051,0.0061,0.0105,0.0082,0.0094
D00551.obj,Drum,2.6675,2.5126,0.6962,0.0033,1.6106,0.8427,1.7187,0.1497,0.0055,0.0248,0.0086,0.0077,0.0101
D00115.obj,Drum,0.6397,0.6299,0.4559,0.01,0.4336,0.4926,1.5129,0.006,0.0059,0.0125,0.0107,0.0093,0.0129
D00022.obj,Fish,0.6356,0.4911,0.4956,0.1993,0.1806,0.047,0.1589,0.7292,0.0088,0.0049,0.0035,0.0078,0.0142
D00950.obj,Fish,0.5897,0.481,0.386,0.0651,0.223,0.2118,0.6839,0.1816,0.009,0.0044,0.0027,0.0081,0.0125
D00030.obj,Fish,0.6907,0.5519,0.4575,0.1985,0.2334,0.2541,0.0093,1.9267,0.0131,0.0061,0.0052,0.0088,0.0157
D00748.obj,Fish,0.6452,0.519,0.5091,0.1946,0.2276,0.1717,0.0898,0.8768,0.0115,0.0075,0.0066,0.0062,0.0133
D00165.obj,Fish,0.639,0.5129,0.4227,0.191,0.2235,0.1797,0.0283,0.8557,0.0126,0.0067,0.0062,0.0085,0.0157
D00142.obj,Fish,0.5273,0.3637,0.422,0.1274,0.0575,0.0436,0.1718,0.3745,0.0052,0.005,0.0025,0.005,0.0101
D00351.obj,Fish,0.503,0.3108,0.3949,0.2098,0.0318,0.0999,0.1205,0.4565,0.0072,0.0047,0.004,0.0037,0.0105
D00400.obj,FloorLamp,0.2833,0.4397,0.2123,0.0208,0.5123,0.0815,1.1328,0.0744,0.0037,0.0067,0.0058,0.0021,0.0023
D00924.obj,FloorLamp,0.8756,0.5957,0.4473,0.0991,0.2059,0.0002,1.182,2.8396,0.01,0.0216,0.0084,0.0059,0.0049
D00888.obj,FloorLamp,0.5226,0.5629,0.3249,0.0035,0.4439,0.2912,1.7187,0.1473,0.0032,0.0111,0.008,0.0052,0.0045
D00495.obj,FloorLamp,0.0104,0.0023,0.3733,0.0029,0.0064,0.0927,0.6009,0.1682,0.0034,0.022,0.003,0.0037,0.0029
D00563.obj,FloorLamp,0.7578,0.6869,0.1206,0.0096,0.4055,0.5085,1.8607,0.1383,0.0049,0.0085,0.0085,0.0093,0.004
D00883.obj,Glasses,0.941,0.8183,0.4983,0.3549,0.4483,0.3649,2.0182,0.124,0.0094,0.01,0.0169,0.0108,0.0042
D00877.obj,Glasses,0.8307,0.7341,0.3129,0.1134,0.4156,0.3778,1.8384,0.1408,0.004,0.0092,0.0108,0.0115,0.0043
D00475.obj,Glasses,0.7488,0.5543,1.1481,0.0354,0.1297,0.3958,1.8736,0.0307,0.0065,0.0116,0.0101,0.0065,0.007
D00050.obj,Glasses,0.6896,0.6008,0.1462,0.1903,0.3308,0.2479,1.4429,0.0162,0.0092,0.0093,0.0158,0.009,0.0052
D00432.obj,Glasses,0.8811,0.7727,0.5289,0.7419,0.4311,0.2541,1.7904,0.2671,0.0067,0.0086,0.019,0.0209,0.0031
D00813.obj,Glasses,0.7864,0.6943,2.7054,0.1156,0.3926,0.4181,1.9377,0.0235,0.004,0.009,0.0157,0.0186,0.008
D00937.obj,Glasses,0.7737,0.6196,0.3088,0.1952,0.2577,0.2177,1.4982,0.0696,0.0082,0.0124,0.0117,0.0045,0.0074
D00534.obj,Guitar,0.5723,0.279,0.5026,0.4675,0.3065,2.2064,1.7187,1.4556,0.0192,0.0109,0.0117,0.0036,0.0111
D00549.obj,Guitar,0.8134,0.5507,0.4809,3.4758,0.0982,2.3605,0.5107,2.9014,0.0243,0.0147,0.0139,0.0087,0.02
D00416.obj,Guitar,0.6676,0.4337,0.5082,0.8593,0.0457,1.3269,0.8651,1.2295,0.02,0.0138,0.0126,0.0042,0.0089
D00023.obj,Guitar,0.6858,0.4287,0.4809,1.0424,0.1178,2.194,0.7976,1.6796,0.0193,0.012,0.0102,0.0051,0.0109
D00819.obj,Gun,0.2218,0.113,0.4229,0.2052,0.6421,1.682,1.7187,0.0293,0.0085,0.0072,0.0086,0.0027,0.0079
m685.obj,Gun,0.4495,0.3591,0.3678,0.2512,0.1575,1.2785,1.6291,1.1147,0.0172,0.0147,0.0111,0.0056,0.0116
m675.obj,Gun,0.88,0.7658,0.131,1.2649,0.4203,0.8766,0.1249,2.1023,0.0237,0.0163,0.0137,0.0102,0.0165
m671.obj,Gun,0.9054,0.7546,0.4407,3.6889,0.3597,2.1005,0.0788,2.0252,0.0226,0.0105,0.0096,0.0141,0.0242
D00425.obj,Gun,0.3435,0.0415,0.4308,0.4829,0.7588,2.0759,1.7187,0.2261,0.0174,0.0074,0.0086,0.0065,0.0105
m668.obj,Gun,0.7616,0.4605,0.2664,0.8602,0.2853,2.3204,0.9975,2.0318,0.021,0.0084,0.0078,0.0117,0.0182
D00282.obj,Gun,0.5067,0.3526,0.5148,0.5328,0.0652,1.2461,1.5215,1.1892,0.019,0.0137,0.0122,0.0058,0.0118
D01193.obj,Hand,0.5739,0.3938,0.1959,0.0372,0.1108,0.5399,1.7187,0.1176,0.0032,0.0061,0.0049,0.0032,0.0048
m336.obj,Hand,0.1771,0.2039,0.3467,0.0858,0.1632,0.3649,0.8892,0.3617,0.0059,0.0062,0.0062,0.0015,0.0041
D01060.obj,Hand,0.1735,0.0865,0.0672,0.0596,0.0187,0.5738,1.7187,0.6372,0.0053,0.005,0.0049,0.0016,0.0027
m332.obj,Hand,1.4784,1.0495,0.416,0.011,0.3535,0.0688,1.7187,0.0513,0.0055,0.0164,0.0031,0.0033,0.0048
D01198.obj,Hand,0.7123,0.6429,0.4679,0.4232,0.3774,1.1613,0.5831,2.9689,0.0202,0.0149,0.0143,0.0047,0.0132
m327.obj,Hand,0.5706,0.3928,0.196,0.0367,0.112,0.4774,1.7187,0.1272,0.0031,0.0056,0.004,0.0036,0.0054
m330.obj,Hand,0.2963,0.1649,0.1418,0.0512,0.0019,0.9394,1.7187,0.729,0.0059,0.0056,0.0111,0.0041,0.0049
m1633.obj,Hat,0.464,0.4333,1.6298,0.0046,0.2719,0.013,0.7302,0.1233,0.0029,0.0103,0.0022,0.0027,0.0038
m1639.obj,Hat,1.5362,1.2644,0.4168,0.0153,0.6179,0.1503,1.7187,0.1221,0.0046,0.0184,0.0026,0.0024,0.0049
m1638.obj,Hat,1.3191,0.9397,0.7221,0.002,0.318,0.4517,1.7187,0.1318,0.0046,0.0138,0.006,0.005,0.0063
m1636.obj,Hat,2.124,1.5433,1.1611,0.0064,0.5628,0.1715,1.7187,0.1486,0.0044,0.0145,0.0034,0.0039,0.0052
m1628.obj,Hat,1.5656,1.618,0.5088,0.0177,1.2206,0.4089,1.7187,0.0948,0.0056,0.0188,0.0039,0.002,0.0049
m1631.obj,Hat,0.7685,0.7506,0.3947,0.0149,0.5103,0.227,1.7187,0.0078,0.0024,0.0089,0.0029,0.003,0.0016
m1635.obj,Hat,2.0614,1.5547,0.5386,0.0076,0.6225,0.3036,1.7187,0.0964,0.005,0.0132,0.0062,0.007,0.0079
D00658.obj,Helicopter,0.7917,0.6759,0.3118,0.0342,0.3545,0.3069,1.4325,0.1066,0.0057,0.0057,0.0048,0.0087,0.011
m1336.obj,Helicopter,0.6665,0.577,0.1034,0.0184,0.3133,0.1409,1.0215,0.1381,0.0031,0.0044,0.0037,0.0053,0.0081
D00470.obj,Helicopter,0.7513,0.6319,0.2728,0.0983,0.3184,0.2817,1.3177,0.0482,0.0125,0.0048,0.0042,0.0098,0.0136
m1329.obj,Helicopter,0.501,0.6441,0.2637,0.0118,0.6405,0.1171,1.2896,0.0681,0.0042,0.0042,0.0022,0.0021,0.002
D00500.obj,Helicopter,0.6667,0.5227,0.5065,0.0482,0.2043,0.1381,1.007,0.108,0.0062,0.0067,0.0044,0.0088,0.0101
D00498.obj,Helicopter,0.6753,0.5346,0.4841,0.0414,0.2179,0.0782,0.7814,0.3883,0.0034,0.0041,0.0027,0.0061,0.0106
D00325.obj,House,2.3654,2.7269,0.1491,0.0146,2.5015,0.7674,1.7187,0.0406,0.0058,0.0182,0.0041,0.003,0.0059
m447.obj,House,1.8234,1.8875,0.6925,0.0184,1.4313,1.6938,1.7187,0.2727,0.003,0.0047,0.0047,0.0036,0.0055
m435.obj,House,0.1923,0.695,0.9725,0.0059,1.452,0.2815,1.7187,0.3251,0.0024,0.0063,0.003,0.003,0.0022
D00941.obj,House,0.3122,0.6066,0.3629,0.0783,0.8739,0.6961,1.4099,0.8741,0.0079,0.0078,0.0098,0.0094,0.0069
m440.obj,House,1.2735,1.6624,1.9434,0.0161,1.7977,0.748,1.7187,0.3583,0.0029,0.0064,0.0029,0.0032,0.0056
m359.obj,HumanHead,1.5576,1.1023,2.1364,0.0096,0.3689,0.0424,1.0671,0.0415,0.0055,0.0251,0.0027,0.0032,0.0054
D00013.obj,HumanHead,2.8344,2.3735,0.142,0.0149,1.205,0.7245,1.7187,0.1141,0.0072,0.0215,0.0021,0.0026,0.0044
m363.obj,HumanHead,1.3988,0.9793,0.7923,0.0116,0.3154,0.1265,1.7187,0.0545,0.0075,0.0187,0.0027,0.0029,0.0058
m365.obj,HumanHead,1.0344,0.6995,0.4175,0.0127,0.1958,0.0825,1.5636,0.0239,0.0078,0.0283,0.0031,0.0027,0.0084
D00072.obj,HumanHead,1.2056,0.8642,0.7648,0.0113,0.2966,0.1439,1.2766,0.1415,0.0065,0.0156,0.0031,0.0033,0.0081
D00910.obj,HumanHead,2.2883,1.8139,1.579,0.0139,0.8173,0.2686,1.7187,0.1197,0.0068,0.009,0.002,0.0037,0.006
D00629.obj,HumanHead,1.278,0.9061,0.4994,0.0175,0.3018,0.0906,1.5067,0.0702,0.0068,0.027,0.0023,0.0023,0.0059
m241.obj,Humanoid,0.2622,0.2168,0.2135,0.1649,0.106,0.1307,0.1148,0.0143,0.0093,0.0065,0.0056,0.0022,0.0098
m253.obj,Humanoid,0.7781,0.627,0.4441,0.1828,0.268,0.3918,0.1266,0.2793,0.0049,0.0088,0.0071,0.0108,0.015
m252.obj,Humanoid,0.1689,0.1915,0.4592,0.1262,0.1516,0.4012,0.2723,0.1506,0.0051,0.0069,0.0073,0.0032,0.0064
m217.obj,Humanoid,0.4091,0.2324,0.4929,0.1708,0.0591,1.1703,1.4566,1.4936,0.0136,0.0068,0.0069,0.0071,0.0138
m255.obj,Humanoid,0.2806,0.1332,0.4775,0.594,0.0832,0.42,0.5036,0.1151,0.0155,0.0122,0.011,0.0072,0.0117
m266.obj,Humanoid,0.3632,0.2907,0.2039,0.0515,0.1292,0.0482,0.3005,0.1026,0.0035,0.0091,0.0075,0.0041,0.0041
m134.obj,Humanoid,0.5453,0.4354,0.4906,0.5051,0.1886,2.1684,1.7187,2.5599,0.0188,0.0079,0.0085,0.0081,0.0149
D00117.obj,Insect,0.0875,0.0377,0.2853,0.0032,0.1746,0.1188,0.2624,0.176,0.0037,0.0065,0.0039,0.0056,0.0083
D00753.obj,Insect,0.1812,0.0047,0.1331,0.0023,0.2451,0.078,0.2696,0.4021,0.0041,0.0051,0.0019,0.0054,0.0087
D00732.obj,Insect,0.5584,0.4134,0.2243,0.0155,0.1234,0.4048,1.1493,0.0745,0.0048,0.006,0.0049,0.0024,0.0057
D00109.obj,Insect,0.1155,0.1382,0.5022,0.005,0.4673,0.2796,0.2914,0.1172,0.0034,0.0074,0.0048,0.005,0.0043
m24.obj,Insect,0.0405,0.012,0.0639,0.0248,0.0205,0.1403,0.2568,0.0097,0.003,0.0051,0.0021,0.003,0.0055
D00672.obj,Insect,0.3173,0.261,0.0572,0.0486,0.1257,0.0164,0.3005,0.4193,0.0053,0.0054,0.0043,0.0032,0.0046
m1292.obj,Jet,0.6235,0.4188,0.5096,0.4107,0.017,0.0944,0.4428,0.1416,0.0058,0.0044,0.0025,0.0034,0.0133
m1185.obj,Jet,0.8303,0.7294,0.3388,0.3823,0.4084,0.3197,0.4514,1.5054,0.0204,0.0115,0.0073,0.0149,0.0185
m1190.obj,Jet,0.7703,0.6668,0.4288,0.1437,0.3618,0.1186,0.5189,0.5798,0.0155,0.0047,0.0032,0.0126,0.0145
m1216.obj,Jet,0.6676,0.5352,0.4738,0.2568,0.2306,0.0236,0.4908,0.0084,0.0112,0.0076,0.0017,0.0095,0.0134
m1266.obj,Jet,0.645,0.4192,0.4916,0.7249,0.0329,0.0781,0.4228,0.1984,0.0183,0.0049,0.0022,0.0128,0.02
m1275.obj,Jet,0.6911,0.5764,0.417,0.239,0.2843,0.0799,0.421,0.6831,0.0083,0.0071,0.0057,0.0044,0.0093
m1159.obj,Jet,0.4238,0.3238,0.1785,0.0864,0.1206,0.0274,0.5569,0.114,0.0047,0.0044,0.0024,0.0055,0.0117
D01187.obj,Knife,0.8693,0.7389,0.7549,7.6956,0.3812,3.1254,0.3984,1.9579,0.0221,0.0131,0.011,0.0064,0.0241
m726.obj,Knife,0.7702,0.6316,0.3036,4.5388,0.2916,4.1151,0.7603,2.1213,0.0202,0.0171,0.0134,0.0041,0.0166
m727.obj,Knife,0.6105,0.4691,0.0109,3.555,0.1695,2.6414,0.8823,0.6779,0.0144,0.011,0.0079,0.0023,0.018
D01025.obj,Knife,0.7843,0.6552,0.4387,1.0418,0.3224,1.5875,0.7196,3.3,0.0195,0.0126,0.0069,0.0095,0.0165
m723.obj,Knife,0.9615,0.7877,0.5095,0.6449,0.3239,0.3737,0.9118,2.1499,0.0128,0.0118,0.0167,0.0191,0.025
D00799.obj,MilitaryVehicle,0.6466,0.8604,0.6336,0.0521,0.9079,1.3208,1.7187,0.238,0.0039,0.0072,0.0075,0.005,0.0044
D00933.obj,MilitaryVehicle,0.2001,0.5637,0.4262,0.0437,0.9962,1.6326,1.7187,1.8408,0.0024,0.0101,0.0037,0.0026,0.0052
D00611.obj,MilitaryVehicle,0.7241,1.1014,0.4536,0.0477,1.386,1.476,1.7187,1.1975,0.0026,0.0074,0.0079,0.0037,0.0055
D00017.obj,MilitaryVehicle,0.221,0.1349,0.1477,0.0488,0.7134,1.0218,1.7187,1.0795,0.003,0.01,0.0073,0.0118,0.0134
D00334.obj,MilitaryVehicle,0.4121,0.7992,0.1425,0.0483,1.2049,1.3027,1.7187,0.8196,0.0029,0.0077,0.0025,0.0032,0.004
D00529.obj,MilitaryVehicle,0.5897,0.9289,0.3906,0.0314,1.1881,0.9993,1.7187,0.1867,0.0032,0.0087,0.0035,0.0032,0.005
D00919.obj,Monitor,2.9892,3.2424,1.4043,0.0066,2.6926,1.8159,1.7187,0.1885,0.004,0.0046,0.008,0.0085,0.0092
D00141.obj,Monitor,0.6038,0.8435,0.0416,0.0527,0.9398,0.566,1.7187,0.0789,0.004,0.0032,0.0084,0.0075,0.0028
D00920.obj,Monitor,0.1023,0.5075,0.8666,0.3478,1.0661,1.0639,1.5631,0.5368,0.0047,0.0084,0.0097,0.008,0.007
D00915.obj,Monitor,0.7843,1.556,0.165,0.0665,2.7398,0.3756,1.7187,0.0395,0.0042,0.006,0.0076,0.0041,0.0026
D00339.obj,Monitor,1.194,1.388,2.6778,0.1294,1.2573,0.5177,1.7187,0.0767,0.0036,0.0058,0.0084,0.0062,0.0033
D00995.obj,Monoplane,0.7809,0.6263,0.4019,1.2848,0.2616,0.0334,0.3703,0.8999,0.013,0.0058,0.0033,0.0064,0.0183
D00840.obj,Monoplane,0.3713,0.2404,0.5021,0.2805,0.0189,0.3064,0.0005,0.1463,0.0085,0.0075,0.0043,0.0051,0.012
D00482.obj,Monoplane,0.5896,0.1569,0.5037,0.2806,0.945,0.2192,0.065,0.141,0.0105,0.0049,0.0056,0.0088,0.0148
D00864.obj,Monoplane,0.5652,0.3745,1.0251,0.0779,0.0157,0.0242,0.3606,0.0532,0.0054,0.0059,0.0034,0.0079,0.0103
D00011.obj,Monoplane,0.6503,0.5122,0.4983,0.137,0.2056,0.0608,0.8275,0.1406,0.0047,0.0057,0.0037,0.005,0.0101
D00262.obj,Monoplane,0.5804,0.4512,0.3736,0.2911,0.1743,0.0855,0.0236,0.5906,0.014,0.007,0.0044,0.0073,0.0128
D00098.obj,Monoplane,0.3296,0.2334,0.4434,0.1972,0.0602,0.199,0.1095,0.1448,0.0063,0.0058,0.0062,0.0038,0.0102
D00342.obj,Motorcycle,0.1332,0.2315,0.362,0.1193,0.2782,0.1344,1.7187,0.0851,0.0074,0.0056,0.0051,0.0039,0.0102
D00476.obj,Motorcycle,0.1939,0.357,0.3885,0.1103,0.4625,0.1574,1.7029,0.212,0.0077,0.0064,0.0019,0.0048,0.0117
D00021.obj,Motorcycle,0.9634,1.07,0.1935,0.0761,0.8972,0.6113,1.7187,0.303,0.0049,0.0055,0.007,0.0022,0.0039
m1481.obj,Motorcycle,0.008,0.0185,0.3017,0.2476,0.0229,0.2887,1.5653,0.2748,0.0081,0.0053,0.0077,0.0025,0.0087
m1482.obj,Motorcycle,0.3429,0.6271,0.4354,0.1979,0.8683,0.786,1.7187,0.0584,0.0124,0.0096,0.0068,0.0058,0.0127
D00768.obj,Motorcycle,0.4021,0.5508,0.1617,0.108,0.581,0.4699,1.7187,0.0667,0.0072,0.0048,0.005,0.0039,0.0088
D00039.obj,Motorcycle,0.8157,0.897,0.129,0.1036,0.7373,0.4097,1.7187,0.1363,0.0047,0.0065,0.0085,0.0016,0.0037
D00770.obj,Mug,2.8583,2.2759,0.0137,0.014,1.0374,0.5698,1.7187,0.1321,0.0072,0.021,0.0041,0.0058,0.0096
D00825.obj,Mug,2.3601,2.2683,0.1891,0.0135,1.5091,0.8488,1.7187,0.143,0.0065,0.026,0.0062,0.0072,0.0114
m507.obj,Mug,2.3241,2.0546,1.0794,0.0186,1.1647,0.6847,1.7187,0.0484,0.0069,0.0159,0.0043,0.0055,0.0096
m503.obj,Mug,2.5885,2.1108,0.6491,0.0104,1.0129,0.7248,1.7187,0.1478,0.0058,0.0195,0.0068,0.0075,0.0105
D00833.obj,Mug,1.1064,0.7611,0.7539,0.0155,0.2278,0.03,1.0105,0.005,0.0065,0.0147,0.004,0.0044,0.0091
m781.obj,MultiSeat,0.393,0.4522,1.6527,0.0523,0.3876,0.2748,0.3355,0.2069,0.005,0.0074,0.0095,0.0055,0.0031
m829.obj,MultiSeat,0.3709,0.576,0.1416,0.1938,0.6885,2.0331,1.7187,1.5286,0.0111,0.0104,0.0089,0.002,0.007
D00637.obj,MultiSeat,1.6722,1.75,0.1672,0.0246,1.3502,1.2056,1.7187,0.3596,0.0031,0.0035,0.0093,0.0036,0.0036
m782.obj,MultiSeat,0.2315,0.2535,0.5027,0.0927,0.1923,0.4263,0.0526,0.854,0.0062,0.0067,0.014,0.008,0.0048
D00145.obj,MultiSeat,0.8581,1.0795,0.3669,0.0741,1.0785,1.8933,1.7187,1.1749,0.0068,0.0093,0.0122,0.0047,0.0043
m630.obj,Musical_Instrument,0.6507,0.4396,0.4904,0.8342,0.0157,1.2507,0.8519,0.7825,0.023,0.0152,0.0122,0.004,0.011
m646.obj,Musical_Instrument,1.7158,2.1329,2.2323,0.0158,2.1821,0.3937,1.7187,0.0788,0.0033,0.0054,0.0041,0.0023,0.003
m629.obj,Musical_Instrument,0.8124,0.5562,0.4856,7.4795,0.0684,4.3795,0.4621,2.7517,0.0244,0.0135,0.0106,0.0105,0.0248
m632.obj,Musical_Instrument,0.6571,0.4867,0.4939,0.908,0.1335,1.7518,1.3212,1.1759,0.0182,0.0077,0.0051,0.008,0.0151
m637.obj,Musical_Instrument,0.8143,0.5999,0.47,3.976,0.1024,2.2802,0.0938,1.8248,0.026,0.0142,0.0128,0.0114,0.0228
m804.obj,NonWheelChair,0.325,0.2857,1.5735,0.0074,0.1601,0.2249,0.3132,0.2051,0.0035,0.0072,0.0032,0.0012,0.003
m822.obj,NonWheelChair,0.2058,0.1589,0.7158,0.0031,0.0637,0.0195,0.3813,0.101,0.0032,0.0046,0.002,0.0016,0.0014
m813.obj,NonWheelChair,0.3281,0.2645,1.108,0.0075,0.1203,0.1991,0.3494,0.5424,0.0034,0.0061,0.0036,0.0054,0.0056
m795.obj,NonWheelChair,1.0311,1.0178,1.3115,0.0154,0.7064,1.1599,1.7187,0.1567,0.0037,0.0045,0.0025,0.0036,0.0033
D00185.obj,NonWheelChair,0.0273,0.0442,0.5788,0.013,0.0466,0.2878,0.1564,0.1007,0.003,0.0028,0.0023,0.0033,0.0048
m819.obj,NonWheelChair,0.043,0.0237,2.0381,0.0001,0.0021,0.2104,0.2986,0.171,0.0016,0.004,0.0052,0.0061,0.0087
m793.obj,NonWheelChair,0.8354,0.6612,3.169,0.0035,0.294,0.1457,0.2541,0.1281,0.0027,0.0063,0.0025,0.0017,0.003
D00755.obj,PianoBoard,1.7734,2.1097,2.8656,0.0133,2.0156,1.0017,1.7187,0.3394,0.0036,0.0093,0.0085,0.0094,0.0086
D00008.obj,PianoBoard,1.3573,1.4385,2.3628,0.0045,1.1293,0.5499,1.6306,0.0853,0.0038,0.0076,0.0076,0.007,0.0087
D00104.obj,PianoBoard,1.4406,1.9815,2.8138,0.0238,2.3378,1.0504,1.7187,0.2843,0.0028,0.0113,0.0106,0.0091,0.0097
D00332.obj,PianoBoard,1.4288,1.6024,3.361,0.0279,1.3811,0.8693,1.7187,0.1633,0.0028,0.0095,0.0111,0.0087,0.0083
D00623.obj,PianoBoard,1.4194,1.5403,1.69,0.0164,1.2583,1.0494,1.7187,0.4561,0.0043,0.0058,0.0122,0.0114,0.0113
m1005.obj,PlantIndoors,0.3946,0.6,0.1358,0.039,0.4656,0.1227,0.3626,0.5977,0.0055,0.0112,0.0047,0.0035,0.0053
m1006.obj,PlantIndoors,0.5068,0.4063,1.0344,0.0166,0.1858,0.2898,0.1191,0.0987,0.0045,0.006,0.0076,0.007,0.0091
m1010.obj,PlantIndoors,0.3083,0.1133,0.2664,0.016,0.3113,0.1264,0.1,0.083,0.0048,0.0116,0.0068,0.0077,0.0045
m1016.obj,PlantIndoors,0.0471,0.0783,0.3909,0.1032,0.2045,0.1163,0.017,0.0789,0.0167,0.0051,0.0066,0.0088,0.0137
m1030.obj,PlantIndoors,1.0333,0.7889,0.5095,0.0157,0.3213,0.1006,1.6671,0.1313,0.0045,0.0085,0.0073,0.0081,0.007
m1004.obj,PlantIndoors,0.321,0.298,0.9685,0.0184,0.1841,0.3976,1.1493,0.1192,0.0036,0.0061,0.005,0.0028,0.0066
D00087.obj,PlantIndoors,0.583,0.2793,0.191,0.0091,0.0449,0.2061,0.0478,0.0481,0.0029,0.004,0.0025,0.0008,0.0024
m967.obj,PlantWildNonTree,0.7293,0.6956,0.4391,0.3289,0.435,0.1411,0.69,0.7856,0.0101,0.0045,0.0048,0.0063,0.0141
m972.obj,PlantWildNonTree,0.5078,0.1914,0.0544,0.0408,0.423,0.2471,0.8567,0.0377,0.0065,0.0071,0.0072,0.007,0.0029
m983.obj,PlantWildNonTree,0.1411,0.0217,0.5718,0.0176,0.1431,0.1795,0.2654,0.0366,0.0032,0.0105,0.0045,0.0053,0.0037
m974.obj,PlantWildNonTree,0.9533,0.8529,0.0203,0.4372,0.4909,0.269,1.4446,1.5728,0.0146,0.0127,0.0157,0.0063,0.0114
m92.obj,Quadruped,0.0456,0.1112,2.0783,0.0655,0.1325,0.017,0.0541,0.1882,0.0038,0.0063,0.0065,0.0022,0.0023
D00934.obj,Quadruped,0.3392,0.3552,0.2849,0.0651,0.2544,0.1064,0.063,0.1862,0.0043,0.0065,0.0061,0.0021,0.0023
m94.obj,Quadruped,0.5414,0.4553,0.5022,0.1163,0.2311,0.5078,0.3438,0.7898,0.0068,0.0058,0.009,0.0021,0.0072
m280.obj,Quadruped,0.2208,0.1328,0.056,0.2064,0.0019,0.4514,0.7082,0.1087,0.006,0.0064,0.0092,0.0033,0.0054
m273.obj,Quadruped,0.7424,0.6679,0.0262,0.0875,0.39,0.2355,0.639,1.8535,0.006,0.0151,0.0063,0.0113,0.0138
D00150.obj,Quadruped,0.2428,0.1157,1.0754,0.0263,0.0308,0.2897,1.3667,0.3852,0.0038,0.0084,0.0075,0.0071,0.0081
m104.obj,Quadruped,0.0921,0.115,2.053,0.0811,0.1002,0.2372,0.7772,0.5451,0.0033,0.0065,0.0023,0.0041,0.005
m891.obj,RectangleTable,0.2914,0.4613,1.4406,0.0699,0.5487,0.5761,1.0158,0.726,0.0048,0.0065,0.016,0.0118,0.0075
D00678.obj,RectangleTable,1.0477,1.4804,1.9319,0.0086,1.7621,0.6724,1.7187,0.3084,0.0038,0.0049,0.006,0.0039,0.0038
m914.obj,RectangleTable,0.1363,0.0558,0.3301,0.181,0.2925,0.9834,1.043,1.8536,0.0093,0.0097,0.0156,0.0082,0.0033
m895.obj,RectangleTable,0.3038,0.5974,1.7443,0.1665,0.8662,0.599,1.1584,0.57,0.0039,0.0077,0.0117,0.0089,0.0037
D00697.obj,Rocket,0.7757,0.6525,0.5055,0.3667,0.3282,0.4034,0.7561,2.3349,0.0229,0.0109,0.0129,0.0095,0.014
D00851.obj,Rocket,0.7016,0.6246,0.5163,0.2328,0.3584,2.5435,1.2658,4.5279,0.0161,0.0112,0.009,0.01,0.0157
D00975.obj,Rocket,0.521,0.455,1.0386,0.1099,0.2517,1.3567,1.2226,1.6734,0.012,0.0058,0.01,0.0025,0.005
D00346.obj,Rocket,0.7929,0.6609,0.4904,0.4133,0.3224,1.1293,0.7495,4.3982,0.0198,0.0107,0.0122,0.0101,0.0142
D00433.obj,Rocket,0.3674,0.3164,0.4916,0.1158,0.17,1.344,1.7187,2.9137,0.0136,0.0111,0.0079,0.006,0.0099
m924.obj,RoundTable,0.5542,0.457,0.5038,0.004,0.2197,0.1759,0.4358,0.2322,0.0022,0.0053,0.0037,0.0053,0.0023
m929.obj,RoundTable,0.0473,0.0939,0.5067,0.0175,0.2385,0.3062,0.6561,0.1447,0.0031,0.0096,0.0027,0.0031,0.0056
m931.obj,RoundTable,0.8401,0.8258,3.4134,0.0156,0.5681,0.1153,0.0092,0.1421,0.0044,0.0124,0.0102,0.0131,0.0149
D00107.obj,RoundTable,0.0611,0.5376,1.4393,0.0199,1.2905,0.2839,0.8296,0.1465,0.0035,0.009,0.0078,0.0115,0.0154
D00948.obj,RoundTable,0.0612,0.0475,1.7406,0.0093,0.159,0.3148,0.8203,0.1434,0.0063,0.0081,0.0083,0.0095,0.0109
m935.obj,RoundTable,1.1419,1.1845,2.6331,0.0008,0.8945,0.1465,0.4689,0.1507,0.0043,0.0065,0.0099,0.0056,0.0055
m933.obj,RoundTable,0.9689,0.696,0.5057,0.02,0.238,0.0405,1.0542,0.1166,0.0042,0.0099,0.0046,0.0059,0.0081
m849.obj,Shelf,1.8726,2.4154,2.1073,0.1869,2.6337,4.1661,1.7187,0.4316,0.0056,0.0097,0.0112,0.0069,0.0054
m847.obj,Shelf,2.3393,2.9242,2.2684,0.1041,3.0701,3.6486,1.7187,0.4018,0.0032,0.008,0.012,0.0074,0.0041
D00171.obj,Shelf,1.0619,2.0418,0.9083,0.1157,3.6868,3.8484,1.7187,1.0309,0.0065,0.0126,0.0102,0.0055,0.0038
m1457.obj,Ship,0.0661,0.1178,0.1406,0.0421,0.1383,0.309,1.2312,0.3591,0.0033,0.0051,0.0026,0.0022,0.0033
m1467.obj,Ship,0.743,0.5767,0.5091,0.4246,0.2047,1.0169,0.6945,2.4906,0.0201,0.0138,0.0091,0.0128,0.0168
m1466.obj,Ship,0.533,0.3624,0.4985,0.2492,0.0446,2.88,1.7187,3.4617,0.0187,0.009,0.0084,0.0081,0.0144
m1462.obj,Ship,0.41,0.0724,0.5078,0.0036,0.549,0.2199,0.6502,0.1142,0.0026,0.0057,0.0032,0.0033,0.0052
m1469.obj,Ship,0.8066,0.6916,0.5095,0.6654,0.3665,1.2718,0.4342,3.3553,0.0219,0.0148,0.0094,0.013,0.0179
m1470.obj,Ship,0.8512,0.7539,0.5448,0.7001,0.4285,2.017,0.6418,4.3265,0.0215,0.0168,0.0114,0.0146,0.0186
m1671.obj,Sign,0.8763,0.7834,0.4506,3.1814,0.4518,1.5,0.2875,2.2957,0.0238,0.0129,0.0123,0.007,0.0183
m1673.obj,Sign,0.9239,0.7969,0.1562,4.0818,0.4278,0.8209,0.8353,1.6688,0.0258,0.0128,0.0154,0.0095,0.0209
m1684.obj,Sign,0.0949,0.2366,2.4791,0.7564,0.3428,1.952,0.745,0.1083,0.0066,0.0094,0.0101,0.0071,0.0104
m1680.obj,Sign,0.8648,0.6878,0.507,5.494,0.2574,3.3468,0.4036,1.7811,0.0102,0.0061,0.0036,0.0039,0.024
m1670.obj,Sign,0.8003,0.6851,0.2905,4.454,0.3616,2.7682,0.3708,2.2498,0.0164,0.0103,0.0077,0.0062,0.0212
m1682.obj,Sign,0.4717,1.6321,2.8803,0.2175,4.6232,0.731,0.9958,0.0103,0.0039,0.0067,0.0111,0.0122,0.0054
D00872.obj,Skyscraper,0.0607,0.1875,0.4608,0.0651,0.4902,3.2554,1.7187,2.2158,0.0085,0.0056,0.0059,0.0034,0.0051
D00130.obj,Skyscraper,0.5013,0.084,0.419,0.3521,0.8545,2.1163,1.7187,3.0839,0.0202,0.0073,0.013,0.0054,0.0107
D00589.obj,Skyscraper,0.3699,0.2396,0.4583,0.1009,0.0192,3.0699,1.7187,3.8561,0.0079,0.003,0.0067,0.0079,0.0128
D00125.obj,Skyscraper,0.608,0.4547,0.3394,0.2243,0.1403,0.7522,1.2419,2.7105,0.015,0.0094,0.0122,0.0046,0.0112
D00669.obj,Spoon,0.2132,0.2383,0.3293,0.056,0.1847,0.1965,0.8116,0.3101,0.0048,0.007,0.0061,0.0038,0.0028
D00674.obj,Spoon,0.7538,0.6756,0.5105,0.6303,0.392,0.4628,0.2564,0.6966,0.016,0.0149,0.0109,0.0029,0.0115
D00683.obj,Spoon,0.5835,0.5405,0.4013,0.1936,0.3307,1.0025,1.3417,2.9226,0.0138,0.0082,0.0066,0.0044,0.0125
D00014.obj,Spoon,0.9223,0.8033,0.7631,2.9974,0.4418,1.6036,0.2159,4.5161,0.0238,0.012,0.0124,0.0124,0.0229
D00517.obj,Spoon,0.8412,0.6464,0.4955,0.6463,0.1858,0.7329,0.1068,2.4439,0.0205,0.0122,0.0128,0.0045,0.0093
D00497.obj,Spoon,0.9422,0.8015,0.477,2.2033,0.4111,1.157,0.5246,3.2451,0.0229,0.016,0.0141,0.0075,0.0171
m1353.obj,Starship,0.2942,0.1101,0.0475,0.1143,0.1598,0.4509,0.7449,1.1284,0.006,0.0081,0.0051,0.0029,0.0056
m1366.obj,Starship,0.4949,0.4128,0.2577,0.1164,0.2053,0.3124,0.1828,1.1422,0.0063,0.0081,0.0044,0.0022,0.0094
m1375.obj,Starship,1.3225,1.3344,0.2989,0.0231,0.9639,0.9134,1.7187,0.1509,0.0024,0.009,0.0034,0.0059,0.0088
m1382.obj,Starship,0.6026,0.489,0.5029,0.0329,0.2304,0.4223,1.7187,0.1504,0.003,0.0079,0.0035,0.0039,0.0055
m1386.obj,Starship,0.7968,1.1164,0.595,0.0208,1.2801,0.4733,1.7187,0.1042,0.0031,0.0082,0.0019,0.0026,0.0026
m1365.obj,Starship,0.2341,0.0081,0.3359,0.4599,0.3537,0.7112,0.7684,0.1049,0.0076,0.0087,0.0071,0.0032,0.0117
D00489.obj,SubmachineGun,0.3922,0.2676,0.5062,0.6561,0.0476,1.3391,0.7715,0.0358,0.0101,0.0043,0.0075,0.0039,0.0136
D00459.obj,SubmachineGun,0.8731,0.681,0.5072,2.2723,0.2128,1.1849,0.0192,1.9701,0.0215,0.0099,0.0059,0.0113,0.0231
D00064.obj,SubmachineGun,0.6508,0.4933,0.4582,0.6854,0.1612,0.3707,0.4256,1.0274,0.0202,0.0121,0.0104,0.0067,0.0145
D00256.obj,SubmachineGun,0.3644,0.1834,0.402,0.7513,0.1019,1.2528,1.0464,0.5093,0.0129,0.0077,0.0073,0.0057,0.0145
D00371.obj,SubmachineGun,0.6351,0.413,0.4955,0.3641,0.0275,1.1732,1.4175,2.0065,0.0197,0.0106,0.0074,0.0091,0.015
D00960.obj,SubmachineGun,0.7571,0.6198,0.5035,1.3633,0.2848,1.7232,0.1186,1.3096,0.0165,0.0101,0.0063,0.0058,0.015
D00878.obj,SubmachineGun,0.7932,0.6266,0.506,1.5663,0.2392,2.0848,0.4742,1.7758,0.0216,0.0098,0.0061,0.0088,0.0182
m698.obj,Sword,1.017,0.8636,0.0667,3.3851,0.4262,0.0921,1.6788,1.4634,0.0232,0.007,0.0102,0.0104,0.0233
D00195.obj,Sword,0.9518,0.8267,0.5094,3.9624,0.4515,1.6513,0.0463,3.0184,0.0264,0.016,0.0109,0.0184,0.0257
D01003.obj,Tool,0.6347,0.5762,1.1244,0.7606,0.3418,1.9762,0.5367,3.1929,0.0177,0.0137,0.0104,0.0033,0.0141
D01084.obj,Tool,0.6339,0.5863,0.3601,0.4699,0.3573,0.9801,0.2074,0.5557,0.0087,0.0142,0.0114,0.006,0.0083
m1117.obj,Tool,0.8493,0.709,0.4903,0.7941,0.345,0.9724,0.2897,1.3627,0.0212,0.013,0.0083,0.0119,0.0169
D01111.obj,Tool,0.6003,0.5496,0.3019,0.6279,0.3305,0.7859,0.6094,0.4801,0.0114,0.0142,0.012,0.0058,0.0095
D01131.obj,Tool,0.6365,0.5876,0.5016,0.5023,0.3572,1.0705,0.0544,0.7023,0.0091,0.0149,0.0113,0.0049,0.0085
m1111.obj,Tool,0.7506,0.6581,0.437,0.8991,0.3671,0.2084,0.504,0.4889,0.0205,0.0138,0.0164,0.0047,0.0114
m1582.obj,Train,0.1761,0.0896,0.5082,0.1949,0.4591,2.7947,1.7187,2.8697,0.0098,0.0066,0.0141,0.0056,0.0026
m1578.obj,Train,0.1673,0.0187,0.0873,0.1179,0.2554,1.6945,1.7187,1.4222,0.01,0.0113,0.0086,0.0014,0.0038
m1586.obj,Train,0.5093,1.4881,0.1567,0.0408,3.608,1.7414,1.7187,0.9163,0.0037,0.0039,0.0087,0.0032,0.0033
D01163.obj,Train,0.3474,1.0093,0.2176,0.0288,2.1317,1.6605,1.7187,1.6619,0.0036,0.0069,0.0108,0.0049,0.0072
D01095.obj,Train,0.2252,0.0357,0.2202,0.1255,0.2224,1.6075,1.7187,1.8651,0.0122,0.0074,0.0131,0.0017,0.0055
D01031.obj,Train,0.3894,0.1396,0.3818,0.2543,0.2704,2.8157,1.7187,3.866,0.0131,0.0127,0.0128,0.0012,0.0054
m1585.obj,Train,0.9359,1.7426,0.3353,0.0281,2.9402,2.5059,1.7187,1.1944,0.004,0.0049,0.0076,0.0024,0.0056
m1086.obj,Tree,0.4928,0.6338,0.4983,0.132,0.4653,0.4212,0.6327,1.4492,0.015,0.0089,0.0041,0.0094,0.0125
D00367.obj,Tree,0.5213,0.6793,0.0267,0.0014,0.4857,0.3917,1.2025,0.145,0.0032,0.0061,0.0048,0.0043,0.0059
m1050.obj,Tree,0.0341,0.4463,0.4883,0.0026,0.447,0.0232,0.6523,0.2395,0.0034,0.01,0.0055,0.0077,0.0057
D00010.obj,Truck,0.4812,0.7674,0.3502,0.0783,0.9704,1.6214,1.7187,1.533,0.0066,0.0065,0.0133,0.0072,0.0031
D00112.obj,Truck,0.7421,1.5234,0.1716,0.1653,2.7606,3.2373,1.7187,2.1039,0.012,0.0097,0.0155,0.0038,0.0016
D00002.obj,Truck,0.0225,0.1629,0.5384,0.0585,0.2874,0.8337,1.3133,1.6232,0.0043,0.0122,0.0077,0.0048,0.0054
m1571.obj,Truck,0.6359,0.8705,0.0041,0.0696,0.9503,1.5959,1.7187,1.2005,0.0076,0.0057,0.0105,0.0035,0.0024
D00987.obj,Truck,0.1402,0.3737,0.1751,0.0658,0.5933,1.4229,1.7187,1.4039,0.0095,0.0059,0.0101,0.0019,0.0025
D00518.obj,Truck,0.3439,0.9217,0.1701,0.0948,1.8023,2.5757,1.7187,1.8783,0.013,0.0097,0.0125,0.003,0.0048
D00215.obj,TruckNonContainer,0.2433,0.6007,0.0898,0.0698,1.0056,1.132,1.7187,1.2734,0.0067,0.0092,0.0123,0.0059,0.0042
D00879.obj,TruckNonContainer,1.8149,1.8386,1.7978,0.0179,1.3427,0.8933,1.7187,0.3296,0.0018,0.0047,0.0084,0.0055,0.0057
D00783.obj,TruckNonContainer,0.3394,0.5548,0.1104,0.1598,0.6908,1.1489,1.7187,1.3585,0.0081,0.0085,0.0132,0.0046,0.003
D00737.obj,TruckNonContainer,0.9202,1.2551,0.1046,0.0134,1.407,0.8503,1.7187,0.8577,0.0032,0.0043,0.0039,0.002,0.0032
D00572.obj,TruckNonContainer,0.1134,0.5248,0.2455,0.1044,1.0929,1.7414,1.7187,2.2136,0.01,0.0079,0.0047,0.0055,0.0111
D00353.obj,TruckNonContainer,1.4248,2.0097,0.4648,0.0432,2.4585,1.0702,1.7187,0.4269,0.0062,0.0069,0.011,0.0039,0.0029
m547.obj,Vase,2.7572,2.1854,0.1212,0.0169,0.9859,0.3044,1.7187,0.1498,0.0066,0.0163,0.0043,0.006,0.0089
m541.obj,Vase,1.7801,1.2704,1.1879,0.0183,0.4383,0.025,1.3822,0.1499,0.0082,0.0368,0.0025,0.0046,0.0103
m538.obj,Vase,3.1114,2.6097,0.0525,0.0118,1.3296,0.7286,1.7187,0.1184,0.0067,0.0147,0.0041,0.004,0.0076
m529.obj,Vase,3.5986,3.8999,0.47,0.0099,3.2448,0.6277,1.7187,0.1067,0.0062,0.0138,0.0072,0.0076,0.0101
m527.obj,Vase,2.1692,1.7252,2.5091,0.0193,0.7827,0.036,1.3575,0.114,0.0064,0.0176,0.003,0.0048,0.0107
m532.obj,Vase,0.0838,0.1416,0.7293,0.0251,0.1465,0.4546,1.4883,0.5675,0.0036,0.0051,0.0057,0.0033,0.0042
m542.obj,Vase,2.2557,1.7221,1.936,0.0124,0.7113,0.3472,1.7187,0.0106,0.0065,0.0149,0.0026,0.0024,0.003
D00701.obj,Violin,0.8001,0.6612,0.4992,2.0737,0.3125,1.1476,0.1516,1.3715,0.0217,0.0126,0.0094,0.0083,0.0177
D00891.obj,Violin,0.6502,0.5219,0.5024,0.6712,0.2268,1.6783,0.8503,2.0015,0.0164,0.0113,0.0102,0.0034,0.0132
D00993.obj,Violin,0.6899,0.5099,0.4768,0.1882,0.1311,0.6995,0.7805,1.6102,0.0127,0.0054,0.0055,0.0074,0.0123
D00349.obj,Violin,0.4056,0.2473,2.2866,0.3518,0.0176,0.7434,0.903,1.689,0.0139,0.0088,0.0076,0.0049,0.0124
D00602.obj,Violin,0.7443,0.6189,0.407,0.4863,0.301,0.9034,0.4141,1.9213,0.0141,0.006,0.0058,0.0069,0.0151
D00506.obj,Violin,0.641,0.5128,0.5543,0.4739,0.2202,0.8381,0.6092,1.1116,0.0139,0.0072,0.006,0.0066,0.0143
D00376.obj,Violin,0.7481,0.6085,0.1349,0.809,0.2734,1.1397,0.325,1.7918,0.0162,0.0083,0.0084,0.006,0.0127
m747.obj,Wheel,0.6209,0.6578,0.3928,0.13,0.5079,1.6309,1.7187,0.151,0.0025,0.0093,0.0093,0.005,0.0049
m746.obj,Wheel,1.452,1.329,0.1215,0.0102,0.8058,0.2868,1.7187,0.1476,0.005,0.0175,0.0065,0.0072,0.0054
m744.obj,Wheel,2.5055,2.1436,0.4996,0.0003,1.1376,0.9119,1.7187,0.1508,0.0048,0.0111,0.0061,0.0043,0.0053
m740.obj,Wheel,3.515,3.1782,0.2945,0.0009,1.8836,1.0797,1.7187,0.1455,0.0048,0.0193,0.0075,0.0062,0.0076
m738.obj,Wheel,1.2651,1.0796,0.1495,0.011,0.5696,0.2095,1.7187,0.1509,0.0027,0.0144,0.0073,0.0059,0.0044
m735.obj,Wheel,0.0718,0.2796,0.5005,1.5224,0.4802,1.562,0.9483,0.1511,0.0045,0.0294,0.0112,0.0112,0.0131
D00526.obj,WheelChair,0.0,0.0,0.0,0.0,0.0,0.0,0.0,0.0,0.0,0.0,0.0,0.0,0.0
D00499.obj,WheelChair,0.0605,0.0807,0.3953,0.0043,0.0746,0.2031,0.6404,0.1799,0.0022,0.0044,0.0032,0.0016,0.0019
D00720.obj,WheelChair,0.2376,0.2176,0.2214,0.0047,0.1317,0.4459,1.4878,0.4475,0.003,0.0042,0.0016,0.0021,0.0013
D00846.obj,WheelChair,0.0237,0.0087,0.2593,0.0016,0.0084,0.0765,0.3768,0.0349,0.0028,0.0056,0.0034,0.0042,0.0071
D00365.obj,WheelChair,0.2803,0.2395,0.1851,0.0169,0.1266,0.115,0.1804,0.0164,0.004,0.0066,0.0048,0.0032,0.0042
D00070.obj,WheelChair,0.4442,0.3722,0.0208,0.0048,0.1886,0.349,1.6866,0.2039,0.0033,0.0026,0.002,0.002,0.0025
D00088.obj,WheelChair,0.0306,0.0404,0.1113,0.0048,0.038,0.1019,0.4386,0.1092,0.0032,0.0052,0.0025,0.0028,0.002
